{
    "esversion"     : 6,
    "maxerr"        : 50,
    "bitwise"       : true,
    "camelcase"     : false,
    "curly"         : true,
    "eqeqeq"        : true,
    "forin"         : true,
    "freeze"        : true,
    "immed"         : false,
    "latedef"       : false,
    "newcap"        : false,
    "noarg"         : true,
    "noempty"       : true,
    "nonbsp"        : true,
    "nonew"         : false,
    "plusplus"      : false,
    "quotmark"      : false,
    "undef"         : true,
    "unused"        : true,
    "strict"        : true,
    "maxparams"     : false,
    "maxdepth"      : false,
    "maxstatements" : false,
    "maxcomplexity" : false,
    "maxlen"        : false,
    "varstmt"       : false,
    "asi"           : false,
    "boss"          : false,
    "debug"         : false,
    "eqnull"        : false,
    "moz"           : false,
    "evil"          : false,
    "expr"          : false,
    "funcscope"     : false,
    "globalstrict"  : false,
    "iterator"      : false,
    "lastsemic"     : false,
    "laxbreak"      : false,
    "laxcomma"      : false,
    "loopfunc"      : false,
    "multistr"      : false,
    "noyield"       : false,
    "notypeof"      : false,
    "proto"         : false,
    "scripturl"     : false,
    "shadow"        : false,
    "sub"           : true,
    "supernew"      : false,
    "validthis"     : false,
    "browser"       : true,
    "browserify"    : true,
    "couch"         : false,
    "devel"         : true,
    "dojo"          : false,
    "jasmine"       : true,
    "jquery"        : false,
    "mocha"         : false,
    "mootools"      : false,
    "node"          : false,
    "nonstandard"   : false,
    "phantom"       : false,
    "prototypejs"   : false,
    "qunit"         : false,
    "rhino"         : false,
    "shelljs"       : false,
    "typed"         : false,
    "worker"        : false,
    "wsh"           : false,
    "yui"           : false,
    "globals"       : {}
}